{
  "run_id": "20260128_122326",
  "dataset_a": "COCO",
  "dataset_b": "UODD",
  "model": "MLP",
  "seed": 42,
  "test_size": 0.95,
  "val_fraction_on_train": 0.2,
  "epochs_max": 100,
  "best_val_auc": 1.0,
  "balance_strategy": "downsample",
  "n_a": 2560,
  "n_b": 2560,
  "embedding_dim": 2048,
  "accuracy": 0.9607319078947368,
  "roc_auc": 0.9946378670901143,
  "error_eps": 0.039268092105263164,
  "pad": 1.8429276315789473
}