{
  "run_id": "20260128_122326",
  "dataset_a": "COCO",
  "dataset_b": "UODD",
  "model": "LogReg",
  "seed": 42,
  "train_fraction": 0.05,
  "test_fraction": 0.95,
  "val_fraction_on_train": 0.2,
  "balance_strategy": "downsample",
  "n_a_raw": 117266,
  "n_b_raw": 2560,
  "n_a": 2560,
  "n_b": 2560,
  "embedding_dim": 2048,
  "train_counts": {
    "0": 128,
    "1": 128
  },
  "test_counts": {
    "0": 2432,
    "1": 2432
  },
  "accuracy": 0.9977384868421053,
  "roc_auc": 0.9999952659712603,
  "error_eps": 0.00226151315789469,
  "pad": 1.9909539473684212
}