{
  "run_id": "20260128_123716",
  "dataset_a": "CADOT",
  "dataset_b": "UODD",
  "model": "MLP",
  "seed": 42,
  "test_size": 0.99,
  "val_fraction_on_train": 0.2,
  "epochs_max": 100,
  "best_val_auc": 1.0,
  "balance_strategy": "downsample",
  "n_a": 2560,
  "n_b": 2560,
  "embedding_dim": 2048,
  "accuracy": 0.9625172617873348,
  "roc_auc": 0.9722586239373319,
  "error_eps": 0.037482738212665234,
  "pad": 1.850069047149339
}