{
  "run_id": "20260128_123716",
  "dataset_a": "CADOT",
  "dataset_b": "UODD",
  "model": "LogReg",
  "seed": 42,
  "train_fraction": 0.01,
  "test_fraction": 0.99,
  "val_fraction_on_train": 0.2,
  "balance_strategy": "downsample",
  "n_a_raw": 3234,
  "n_b_raw": 2560,
  "n_a": 2560,
  "n_b": 2560,
  "embedding_dim": 2048,
  "train_counts": {
    "0": 25,
    "1": 26
  },
  "test_counts": {
    "0": 2535,
    "1": 2534
  },
  "accuracy": 0.9954626159005721,
  "roc_auc": 0.9987806074078918,
  "error_eps": 0.0045373840994279435,
  "pad": 1.9818504636022882
}