{
  "run_id": "20260127_120130",
  "dataset_a": "DEEPFRUITS",
  "dataset_b": "DIOR",
  "model": "MLP",
  "seed": 42,
  "test_size": 0.2,
  "val_size": 0.2,
  "epochs_max": 100,
  "best_val_auc": 1.0,
  "balance_strategy": "downsample",
  "n_a": 365,
  "n_b": 365,
  "embedding_dim": 2048,
  "accuracy": 0.9726027397260274,
  "roc_auc": 0.9913679864890224,
  "error_eps": 0.0273972602739726,
  "pad": 1.8904109589041096
}