{
  "run_id": "20260128_122326",
  "dataset_a": "DIOR",
  "dataset_b": "FASHIONPEDIA",
  "model": "DomainDiscriminator",
  "seed": 42,
  "test_size": 0.95,
  "val_fraction_on_train": 0.2,
  "epochs_max": 100,
  "best_val_auc": 1.0,
  "balance_strategy": "downsample",
  "n_a": 8973,
  "n_b": 8973,
  "embedding_dim": 2048,
  "accuracy": 0.9991201830019356,
  "roc_auc": 0.9999936009555906,
  "error_eps": 0.0008798169980643866,
  "pad": 1.9964807320077425
}