{
  "run_id": "20260128_122326",
  "dataset_a": "ARTAXOR",
  "dataset_b": "DOTA",
  "model": "MLP",
  "seed": 42,
  "test_size": 0.95,
  "val_fraction_on_train": 0.2,
  "epochs_max": 100,
  "best_val_auc": 1.0,
  "balance_strategy": "downsample",
  "n_a": 12300,
  "n_b": 12300,
  "embedding_dim": 2048,
  "accuracy": 0.992255027813436,
  "roc_auc": 0.9993417276244244,
  "error_eps": 0.007744972186564003,
  "pad": 1.969020111253744
}