{
  "run_id": "20260128_122326",
  "dataset_a": "ARTAXOR",
  "dataset_b": "DOTA",
  "model": "LogReg",
  "seed": 42,
  "train_fraction": 0.05,
  "test_fraction": 0.95,
  "val_fraction_on_train": 0.2,
  "balance_strategy": "downsample",
  "n_a_raw": 12300,
  "n_b_raw": 54087,
  "n_a": 12300,
  "n_b": 12300,
  "embedding_dim": 2048,
  "train_counts": {
    "0": 615,
    "1": 615
  },
  "test_counts": {
    "0": 11685,
    "1": 11685
  },
  "accuracy": 0.9977321352160891,
  "roc_auc": 0.9999535151894996,
  "error_eps": 0.0022678647839109445,
  "pad": 1.9909285408643562
}