{
  "run_id": "20260128_122326",
  "dataset_a": "OKTOBERFEST",
  "dataset_b": "XVIEW",
  "model": "MLP",
  "seed": 42,
  "test_size": 0.95,
  "val_fraction_on_train": 0.2,
  "epochs_max": 100,
  "best_val_auc": 1.0,
  "balance_strategy": "downsample",
  "n_a": 835,
  "n_b": 835,
  "embedding_dim": 2048,
  "accuracy": 0.9930686830497795,
  "roc_auc": 0.9998411795909422,
  "error_eps": 0.006931316950220534,
  "pad": 1.9722747321991179
}