{
  "run_id": "20260127_120130",
  "dataset_a": "COCO",
  "dataset_b": "DOTA",
  "model": "MLP",
  "seed": 42,
  "test_size": 0.2,
  "val_size": 0.2,
  "epochs_max": 100,
  "best_val_auc": 0.9999893913500393,
  "balance_strategy": "downsample",
  "n_a": 54087,
  "n_b": 54087,
  "embedding_dim": 2048,
  "accuracy": 0.9991680147908482,
  "roc_auc": 0.9999932147368464,
  "error_eps": 0.000831985209151842,
  "pad": 1.9966720591633926
}