{
  "run_id": "20260127_120130",
  "dataset_a": "COCO",
  "dataset_b": "DOTA",
  "model": "LogReg",
  "seed": 42,
  "test_size": 0.2,
  "val_size": 0.2,
  "balance_strategy": "downsample",
  "n_a_raw": 117266,
  "n_b_raw": 54087,
  "n_a": 54087,
  "n_b": 54087,
  "embedding_dim": 2048,
  "train_counts": {
    "0": 43269,
    "1": 43270
  },
  "test_counts": {
    "0": 10818,
    "1": 10817
  },
  "accuracy": 0.9997688929974579,
  "roc_auc": 0.9999998290865705,
  "error_eps": 0.00023110700254214134,
  "pad": 1.9990755719898314
}