{
  "run_id": "20260127_120130",
  "dataset_a": "COCO",
  "dataset_b": "DOTA",
  "model": "DomainDiscriminator",
  "seed": 42,
  "test_size": 0.2,
  "val_size": 0.2,
  "epochs_max": 100,
  "best_val_auc": 0.9999977567612418,
  "balance_strategy": "downsample",
  "n_a": 54087,
  "n_b": 54087,
  "embedding_dim": 2048,
  "accuracy": 0.9993066789923735,
  "roc_auc": 0.9999985386901772,
  "error_eps": 0.000693321007626535,
  "pad": 1.9972267159694939
}