{
  "run_id": "20260128_122326",
  "dataset_a": "DEEPFRUITS",
  "dataset_b": "DOTA",
  "model": "MLP",
  "seed": 42,
  "test_size": 0.95,
  "val_fraction_on_train": 0.2,
  "epochs_max": 100,
  "best_val_auc": 1.0,
  "balance_strategy": "downsample",
  "n_a": 365,
  "n_b": 365,
  "embedding_dim": 2048,
  "accuracy": 0.9293948126801153,
  "roc_auc": 0.9573121610510843,
  "error_eps": 0.07060518731988474,
  "pad": 1.717579250720461
}