{
  "run_id": "20260128_122326",
  "dataset_a": "DEEPFRUITS",
  "dataset_b": "DOTA",
  "model": "DomainDiscriminator",
  "seed": 42,
  "test_size": 0.95,
  "val_fraction_on_train": 0.2,
  "epochs_max": 100,
  "best_val_auc": 1.0,
  "balance_strategy": "downsample",
  "n_a": 365,
  "n_b": 365,
  "embedding_dim": 2048,
  "accuracy": 0.9582132564841499,
  "roc_auc": 0.9879992359375129,
  "error_eps": 0.0417867435158501,
  "pad": 1.8328530259365996
}