{
  "run_id": "20260127_120130",
  "dataset_a": "COCO",
  "dataset_b": "DEEPFRUITS",
  "model": "MLP",
  "seed": 42,
  "test_size": 0.2,
  "val_size": 0.2,
  "epochs_max": 100,
  "best_val_auc": 0.9994155464640561,
  "balance_strategy": "downsample",
  "n_a": 365,
  "n_b": 365,
  "embedding_dim": 2048,
  "accuracy": 0.9794520547945206,
  "roc_auc": 0.9911803340213925,
  "error_eps": 0.020547945205479423,
  "pad": 1.9178082191780823
}