{
  "run_id": "20260127_120130",
  "dataset_a": "COCO",
  "dataset_b": "DEEPFRUITS",
  "model": "LogReg",
  "seed": 42,
  "test_size": 0.2,
  "val_size": 0.2,
  "balance_strategy": "downsample",
  "n_a_raw": 117266,
  "n_b_raw": 365,
  "n_a": 365,
  "n_b": 365,
  "embedding_dim": 2048,
  "train_counts": {
    "0": 292,
    "1": 292
  },
  "test_counts": {
    "0": 73,
    "1": 73
  },
  "accuracy": 0.9794520547945206,
  "roc_auc": 0.9994370425971102,
  "error_eps": 0.020547945205479423,
  "pad": 1.9178082191780823
}