{
  "run_id": "20260128_123716",
  "dataset_a": "ARTAXOR",
  "dataset_b": "FASHIONPEDIA",
  "model": "LogReg",
  "seed": 42,
  "train_fraction": 0.01,
  "test_fraction": 0.99,
  "val_fraction_on_train": 0.2,
  "balance_strategy": "downsample",
  "n_a_raw": 12300,
  "n_b_raw": 36498,
  "n_a": 12300,
  "n_b": 12300,
  "embedding_dim": 2048,
  "train_counts": {
    "0": 123,
    "1": 123
  },
  "test_counts": {
    "0": 12177,
    "1": 12177
  },
  "accuracy": 0.9986039254331938,
  "roc_auc": 0.9999704409236975,
  "error_eps": 0.001396074566806238,
  "pad": 1.994415701732775
}