{
  "run_id": "20260128_123716",
  "dataset_a": "ARTAXOR",
  "dataset_b": "DIOR",
  "model": "LogReg",
  "seed": 42,
  "train_fraction": 0.01,
  "test_fraction": 0.99,
  "val_fraction_on_train": 0.2,
  "balance_strategy": "downsample",
  "n_a_raw": 12300,
  "n_b_raw": 8973,
  "n_a": 8973,
  "n_b": 8973,
  "embedding_dim": 2048,
  "train_counts": {
    "0": 89,
    "1": 90
  },
  "test_counts": {
    "0": 8884,
    "1": 8883
  },
  "accuracy": 0.9933584735746046,
  "roc_auc": 0.9994027110047305,
  "error_eps": 0.006641526425395394,
  "pad": 1.9734338942984184
}