{
  "run_id": "20260128_123716",
  "dataset_a": "ARTAXOR",
  "dataset_b": "DIOR",
  "model": "MLP",
  "seed": 42,
  "test_size": 0.99,
  "val_fraction_on_train": 0.2,
  "epochs_max": 100,
  "best_val_auc": 1.0,
  "balance_strategy": "downsample",
  "n_a": 8973,
  "n_b": 8973,
  "embedding_dim": 2048,
  "accuracy": 0.9710136770417065,
  "roc_auc": 0.9913079029839259,
  "error_eps": 0.02898632295829351,
  "pad": 1.884054708166826
}