{
  "run_id": "20260128_122326",
  "dataset_a": "COCO",
  "dataset_b": "DOTA",
  "model": "DomainDiscriminator",
  "seed": 42,
  "test_size": 0.95,
  "val_fraction_on_train": 0.2,
  "epochs_max": 100,
  "best_val_auc": 1.0,
  "balance_strategy": "downsample",
  "n_a": 54087,
  "n_b": 54087,
  "embedding_dim": 2048,
  "accuracy": 0.9982289862405854,
  "roc_auc": 0.9999524169016673,
  "error_eps": 0.0017710137594145747,
  "pad": 1.9929159449623417
}