{
  "run_id": "20260128_122326",
  "dataset_a": "COCO",
  "dataset_b": "DOTA",
  "model": "LogReg",
  "seed": 42,
  "train_fraction": 0.05,
  "test_fraction": 0.95,
  "val_fraction_on_train": 0.2,
  "balance_strategy": "downsample",
  "n_a_raw": 117266,
  "n_b_raw": 54087,
  "n_a": 54087,
  "n_b": 54087,
  "embedding_dim": 2048,
  "train_counts": {
    "0": 2704,
    "1": 2704
  },
  "test_counts": {
    "0": 51383,
    "1": 51383
  },
  "accuracy": 0.9989977229823094,
  "roc_auc": 0.9999788142068124,
  "error_eps": 0.0010022770176906226,
  "pad": 1.9959908919292375
}