{
  "run_id": "20260128_122326",
  "dataset_a": "COCO",
  "dataset_b": "DOTA",
  "model": "MLP",
  "seed": 42,
  "test_size": 0.95,
  "val_fraction_on_train": 0.2,
  "epochs_max": 100,
  "best_val_auc": 0.9999658331084014,
  "balance_strategy": "downsample",
  "n_a": 54087,
  "n_b": 54087,
  "embedding_dim": 2048,
  "accuracy": 0.9977813673783158,
  "roc_auc": 0.9999312587577676,
  "error_eps": 0.0022186326216842023,
  "pad": 1.9911254695132632
}