{
  "run_id": "20260128_122326",
  "dataset_a": "COCO",
  "dataset_b": "DIOR",
  "model": "DomainDiscriminator",
  "seed": 42,
  "test_size": 0.95,
  "val_fraction_on_train": 0.2,
  "epochs_max": 100,
  "best_val_auc": 1.0,
  "balance_strategy": "downsample",
  "n_a": 8973,
  "n_b": 8973,
  "embedding_dim": 2048,
  "accuracy": 0.9898527772889906,
  "roc_auc": 0.9994659619002271,
  "error_eps": 0.01014722271100943,
  "pad": 1.9594111091559623
}