{
  "run_id": "20260128_122326",
  "dataset_a": "COCO",
  "dataset_b": "DIOR",
  "model": "MLP",
  "seed": 42,
  "test_size": 0.95,
  "val_fraction_on_train": 0.2,
  "epochs_max": 100,
  "best_val_auc": 1.0,
  "balance_strategy": "downsample",
  "n_a": 8973,
  "n_b": 8973,
  "embedding_dim": 2048,
  "accuracy": 0.9900873951551411,
  "roc_auc": 0.9993220040430951,
  "error_eps": 0.009912604844858897,
  "pad": 1.9603495806205644
}