{
  "run_id": "20260128_122326",
  "dataset_a": "COCO",
  "dataset_b": "OKTOBERFEST",
  "model": "MLP",
  "seed": 42,
  "test_size": 0.95,
  "val_fraction_on_train": 0.2,
  "epochs_max": 100,
  "best_val_auc": 1.0,
  "balance_strategy": "downsample",
  "n_a": 835,
  "n_b": 835,
  "embedding_dim": 2048,
  "accuracy": 0.9577819785759294,
  "roc_auc": 0.9897004964725987,
  "error_eps": 0.042218021424070606,
  "pad": 1.8311279143037176
}