{
  "run_id": "20260128_123716",
  "dataset_a": "DEEPFRUITS",
  "dataset_b": "XVIEW",
  "model": "MLP",
  "seed": 42,
  "test_size": 0.99,
  "val_fraction_on_train": 0.2,
  "epochs_max": 100,
  "best_val_auc": 1.0,
  "balance_strategy": "downsample",
  "n_a": 365,
  "n_b": 365,
  "embedding_dim": 2048,
  "accuracy": 0.5878284923928078,
  "roc_auc": 0.6903705177453665,
  "error_eps": 0.41217150760719223,
  "pad": 0.35131396957123107
}