{
  "run_id": "20260128_122326",
  "dataset_a": "CADOT",
  "dataset_b": "OKTOBERFEST",
  "model": "DomainDiscriminator",
  "seed": 42,
  "test_size": 0.95,
  "val_fraction_on_train": 0.2,
  "epochs_max": 100,
  "best_val_auc": 1.0,
  "balance_strategy": "downsample",
  "n_a": 835,
  "n_b": 835,
  "embedding_dim": 2048,
  "accuracy": 0.994328922495274,
  "roc_auc": 0.9997315935086923,
  "error_eps": 0.005671077504725952,
  "pad": 1.9773156899810962
}