{
  "run_id": "20260127_120130",
  "dataset_a": "OKTOBERFEST",
  "dataset_b": "UODD",
  "model": "MLP",
  "seed": 42,
  "test_size": 0.2,
  "val_size": 0.2,
  "epochs_max": 100,
  "best_val_auc": 1.0,
  "balance_strategy": "downsample",
  "n_a": 835,
  "n_b": 835,
  "embedding_dim": 2048,
  "accuracy": 0.9910179640718563,
  "roc_auc": 0.9999641435691491,
  "error_eps": 0.008982035928143728,
  "pad": 1.964071856287425
}