{
  "run_id": "20260127_120130",
  "dataset_a": "COCO",
  "dataset_b": "FASHIONPEDIA",
  "model": "DomainDiscriminator",
  "seed": 42,
  "test_size": 0.2,
  "val_size": 0.2,
  "epochs_max": 100,
  "best_val_auc": 0.9993905106492775,
  "balance_strategy": "downsample",
  "n_a": 36498,
  "n_b": 36498,
  "embedding_dim": 2048,
  "accuracy": 0.99,
  "roc_auc": 0.9993306155000937,
  "error_eps": 0.010000000000000009,
  "pad": 1.96
}