{
  "run_id": "20260127_120130",
  "dataset_a": "COCO",
  "dataset_b": "FASHIONPEDIA",
  "model": "MLP",
  "seed": 42,
  "test_size": 0.2,
  "val_size": 0.2,
  "epochs_max": 100,
  "best_val_auc": 0.9994188930850065,
  "balance_strategy": "downsample",
  "n_a": 36498,
  "n_b": 36498,
  "embedding_dim": 2048,
  "accuracy": 0.9896575342465753,
  "roc_auc": 0.9993502908613249,
  "error_eps": 0.010342465753424679,
  "pad": 1.9586301369863013
}