{
  "run_id": "20260127_120130",
  "dataset_a": "COCO",
  "dataset_b": "FASHIONPEDIA",
  "model": "LogReg",
  "seed": 42,
  "test_size": 0.2,
  "val_size": 0.2,
  "balance_strategy": "downsample",
  "n_a_raw": 117266,
  "n_b_raw": 36498,
  "n_a": 36498,
  "n_b": 36498,
  "embedding_dim": 2048,
  "train_counts": {
    "0": 29198,
    "1": 29198
  },
  "test_counts": {
    "0": 7300,
    "1": 7300
  },
  "accuracy": 0.9883561643835617,
  "roc_auc": 0.9986657815725277,
  "error_eps": 0.011643835616438336,
  "pad": 1.9534246575342467
}