{
  "run_id": "20260128_122326",
  "dataset_a": "CADOT",
  "dataset_b": "DOTA",
  "model": "MLP",
  "seed": 42,
  "test_size": 0.95,
  "val_fraction_on_train": 0.2,
  "epochs_max": 100,
  "best_val_auc": 1.0,
  "balance_strategy": "downsample",
  "n_a": 3234,
  "n_b": 3234,
  "embedding_dim": 2048,
  "accuracy": 0.9366965012205045,
  "roc_auc": 0.983269733363163,
  "error_eps": 0.06330349877949548,
  "pad": 1.746786004882018
}