{
  "run_id": "20260128_122326",
  "dataset_a": "DIOR",
  "dataset_b": "OKTOBERFEST",
  "model": "DomainDiscriminator",
  "seed": 42,
  "test_size": 0.95,
  "val_fraction_on_train": 0.2,
  "epochs_max": 100,
  "best_val_auc": 1.0,
  "balance_strategy": "downsample",
  "n_a": 835,
  "n_b": 835,
  "embedding_dim": 2048,
  "accuracy": 0.9905482041587902,
  "roc_auc": 0.999980941550913,
  "error_eps": 0.009451795841209809,
  "pad": 1.9621928166351608
}