{
  "run_id": "20260128_123716",
  "dataset_a": "DOTA",
  "dataset_b": "XVIEW",
  "model": "MLP",
  "seed": 42,
  "test_size": 0.99,
  "val_fraction_on_train": 0.2,
  "epochs_max": 100,
  "best_val_auc": 0.9773242630385488,
  "balance_strategy": "downsample",
  "n_a": 20881,
  "n_b": 20881,
  "embedding_dim": 2048,
  "accuracy": 0.9473696940379731,
  "roc_auc": 0.9878090031657633,
  "error_eps": 0.05263030596202689,
  "pad": 1.7894787761518924
}