{
  "run_id": "20260128_123716",
  "dataset_a": "DOTA",
  "dataset_b": "XVIEW",
  "model": "LogReg",
  "seed": 42,
  "train_fraction": 0.01,
  "test_fraction": 0.99,
  "val_fraction_on_train": 0.2,
  "balance_strategy": "downsample",
  "n_a_raw": 54087,
  "n_b_raw": 20881,
  "n_a": 20881,
  "n_b": 20881,
  "embedding_dim": 2048,
  "train_counts": {
    "0": 208,
    "1": 209
  },
  "test_counts": {
    "0": 20673,
    "1": 20672
  },
  "accuracy": 0.955786673116459,
  "roc_auc": 0.9906483259561873,
  "error_eps": 0.04421332688354096,
  "pad": 1.8231466924658362
}