{
  "run_id": "20260128_123716",
  "dataset_a": "ARTAXOR",
  "dataset_b": "DEEPFRUITS",
  "model": "LogReg",
  "seed": 42,
  "train_fraction": 0.01,
  "test_fraction": 0.99,
  "val_fraction_on_train": 0.2,
  "balance_strategy": "downsample",
  "n_a_raw": 12300,
  "n_b_raw": 365,
  "n_a": 365,
  "n_b": 365,
  "embedding_dim": 2048,
  "train_counts": {
    "0": 3,
    "1": 4
  },
  "test_counts": {
    "0": 362,
    "1": 361
  },
  "accuracy": 0.6431535269709544,
  "roc_auc": 0.6085612402626224,
  "error_eps": 0.3568464730290456,
  "pad": 0.5726141078838176
}