{
  "run_id": "20260127_120130",
  "dataset_a": "COCO",
  "dataset_b": "DIOR",
  "model": "MLP",
  "seed": 42,
  "test_size": 0.2,
  "val_size": 0.2,
  "epochs_max": 100,
  "best_val_auc": 0.9999437465569013,
  "balance_strategy": "downsample",
  "n_a": 8973,
  "n_b": 8973,
  "embedding_dim": 2048,
  "accuracy": 0.9983286908077994,
  "roc_auc": 0.9999816885343845,
  "error_eps": 0.0016713091922005985,
  "pad": 1.9933147632311976
}