{
  "run_id": "20260127_120130",
  "dataset_a": "COCO",
  "dataset_b": "DIOR",
  "model": "DomainDiscriminator",
  "seed": 42,
  "test_size": 0.2,
  "val_size": 0.2,
  "epochs_max": 100,
  "best_val_auc": 0.9999912710174501,
  "balance_strategy": "downsample",
  "n_a": 8973,
  "n_b": 8973,
  "embedding_dim": 2048,
  "accuracy": 0.9988857938718663,
  "roc_auc": 0.9999956549064641,
  "error_eps": 0.0011142061281337323,
  "pad": 1.995543175487465
}