{
  "run_id": "20260127_120130",
  "dataset_a": "COCO",
  "dataset_b": "DIOR",
  "model": "LogReg",
  "seed": 42,
  "test_size": 0.2,
  "val_size": 0.2,
  "balance_strategy": "downsample",
  "n_a_raw": 117266,
  "n_b_raw": 8973,
  "n_a": 8973,
  "n_b": 8973,
  "embedding_dim": 2048,
  "train_counts": {
    "0": 7178,
    "1": 7178
  },
  "test_counts": {
    "0": 1795,
    "1": 1795
  },
  "accuracy": 0.9991643454038998,
  "roc_auc": 1.0,
  "error_eps": 0.0008356545961002437,
  "pad": 1.996657381615599
}