{
  "run_id": "20260128_122326",
  "dataset_a": "FASHIONPEDIA",
  "dataset_b": "XVIEW",
  "model": "MLP",
  "seed": 42,
  "test_size": 0.95,
  "val_fraction_on_train": 0.2,
  "epochs_max": 100,
  "best_val_auc": 1.0,
  "balance_strategy": "downsample",
  "n_a": 20881,
  "n_b": 20881,
  "embedding_dim": 2048,
  "accuracy": 0.9989161667590866,
  "roc_auc": 0.9999895071637291,
  "error_eps": 0.0010838332409134344,
  "pad": 1.9956646670363463
}