{
  "run_id": "20260128_123716",
  "dataset_a": "DIOR",
  "dataset_b": "DOTA",
  "model": "MLP",
  "seed": 42,
  "test_size": 0.99,
  "val_fraction_on_train": 0.2,
  "epochs_max": 100,
  "best_val_auc": 0.845679012345679,
  "balance_strategy": "downsample",
  "n_a": 8973,
  "n_b": 8973,
  "embedding_dim": 2048,
  "accuracy": 0.7762143299375246,
  "roc_auc": 0.8635893104936184,
  "error_eps": 0.2237856700624754,
  "pad": 1.1048573197500984
}