{
  "run_id": "20260127_120130",
  "dataset_a": "CADOT",
  "dataset_b": "DIOR",
  "model": "MLP",
  "seed": 42,
  "test_size": 0.2,
  "val_size": 0.2,
  "epochs_max": 100,
  "best_val_auc": 0.9995967230009783,
  "balance_strategy": "downsample",
  "n_a": 3234,
  "n_b": 3234,
  "embedding_dim": 2048,
  "accuracy": 0.9922720247295209,
  "roc_auc": 0.9997013919910943,
  "error_eps": 0.007727975270479082,
  "pad": 1.9690880989180837
}