{
  "run_id": "20260128_123716",
  "dataset_a": "CADOT",
  "dataset_b": "COCO",
  "model": "MLP",
  "seed": 42,
  "test_size": 0.99,
  "val_fraction_on_train": 0.2,
  "epochs_max": 100,
  "best_val_auc": 0.9761904761904763,
  "balance_strategy": "downsample",
  "n_a": 3234,
  "n_b": 3234,
  "embedding_dim": 2048,
  "accuracy": 0.9659587757651468,
  "roc_auc": 0.994870671476798,
  "error_eps": 0.03404122423485323,
  "pad": 1.863835103060587
}