{
  "run_id": "20260127_120130",
  "dataset_a": "DOTA",
  "dataset_b": "XVIEW",
  "model": "DomainDiscriminator",
  "seed": 42,
  "test_size": 0.2,
  "val_size": 0.2,
  "epochs_max": 100,
  "best_val_auc": 0.9998219897886462,
  "balance_strategy": "downsample",
  "n_a": 20881,
  "n_b": 20881,
  "embedding_dim": 2048,
  "accuracy": 0.9936549742607447,
  "roc_auc": 0.9997160203614576,
  "error_eps": 0.006345025739255328,
  "pad": 1.9746198970429787
}