{
  "run_id": "20260127_120130",
  "dataset_a": "DOTA",
  "dataset_b": "XVIEW",
  "model": "LogReg",
  "seed": 42,
  "test_size": 0.2,
  "val_size": 0.2,
  "balance_strategy": "downsample",
  "n_a_raw": 54087,
  "n_b_raw": 20881,
  "n_a": 20881,
  "n_b": 20881,
  "embedding_dim": 2048,
  "train_counts": {
    "0": 16704,
    "1": 16705
  },
  "test_counts": {
    "0": 4177,
    "1": 4176
  },
  "accuracy": 0.9905423201245062,
  "roc_auc": 0.9994601319761476,
  "error_eps": 0.00945767987549384,
  "pad": 1.9621692804980246
}