{
  "run_id": "20260127_120130",
  "dataset_a": "DOTA",
  "dataset_b": "XVIEW",
  "model": "MLP",
  "seed": 42,
  "test_size": 0.2,
  "val_size": 0.2,
  "epochs_max": 100,
  "best_val_auc": 0.999782526528404,
  "balance_strategy": "downsample",
  "n_a": 20881,
  "n_b": 20881,
  "embedding_dim": 2048,
  "accuracy": 0.9918592122590686,
  "roc_auc": 0.9995424852113884,
  "error_eps": 0.00814078774093141,
  "pad": 1.9674368490362744
}