{
  "run_id": "20260128_123716",
  "dataset_a": "COCO",
  "dataset_b": "FASHIONPEDIA",
  "model": "DomainDiscriminator",
  "seed": 42,
  "test_size": 0.99,
  "val_fraction_on_train": 0.2,
  "epochs_max": 100,
  "best_val_auc": 0.9971852129855507,
  "balance_strategy": "downsample",
  "n_a": 36498,
  "n_b": 36498,
  "embedding_dim": 2048,
  "accuracy": 0.978953049109552,
  "roc_auc": 0.9974156074385377,
  "error_eps": 0.021046950890447946,
  "pad": 1.9158121964382082
}