{
  "run_id": "20260128_123716",
  "dataset_a": "COCO",
  "dataset_b": "FASHIONPEDIA",
  "model": "LogReg",
  "seed": 42,
  "train_fraction": 0.01,
  "test_fraction": 0.99,
  "val_fraction_on_train": 0.2,
  "balance_strategy": "downsample",
  "n_a_raw": 117266,
  "n_b_raw": 36498,
  "n_a": 36498,
  "n_b": 36498,
  "embedding_dim": 2048,
  "train_counts": {
    "0": 364,
    "1": 365
  },
  "test_counts": {
    "0": 36134,
    "1": 36133
  },
  "accuracy": 0.981014847717492,
  "roc_auc": 0.9976625281158753,
  "error_eps": 0.018985152282507967,
  "pad": 1.9240593908699681
}