{
  "run_id": "20260127_120130",
  "dataset_a": "DIOR",
  "dataset_b": "DOTA",
  "model": "DomainDiscriminator",
  "seed": 42,
  "test_size": 0.2,
  "val_size": 0.2,
  "epochs_max": 100,
  "best_val_auc": 0.986903616514459,
  "balance_strategy": "downsample",
  "n_a": 8973,
  "n_b": 8973,
  "embedding_dim": 2048,
  "accuracy": 0.950974930362117,
  "roc_auc": 0.9902461961033822,
  "error_eps": 0.049025069637883,
  "pad": 1.803899721448468
}