{
  "run_id": "20260127_120130",
  "dataset_a": "DIOR",
  "dataset_b": "DOTA",
  "model": "LogReg",
  "seed": 42,
  "test_size": 0.2,
  "val_size": 0.2,
  "balance_strategy": "downsample",
  "n_a_raw": 8973,
  "n_b_raw": 54087,
  "n_a": 8973,
  "n_b": 8973,
  "embedding_dim": 2048,
  "train_counts": {
    "0": 7178,
    "1": 7178
  },
  "test_counts": {
    "0": 1795,
    "1": 1795
  },
  "accuracy": 0.913091922005571,
  "roc_auc": 0.9707815736997696,
  "error_eps": 0.08690807799442901,
  "pad": 1.652367688022284
}