{
  "run_id": "20260127_120130",
  "dataset_a": "DIOR",
  "dataset_b": "DOTA",
  "model": "MLP",
  "seed": 42,
  "test_size": 0.2,
  "val_size": 0.2,
  "epochs_max": 100,
  "best_val_auc": 0.9861980237583508,
  "balance_strategy": "downsample",
  "n_a": 8973,
  "n_b": 8973,
  "embedding_dim": 2048,
  "accuracy": 0.9462395543175487,
  "roc_auc": 0.9884920197701755,
  "error_eps": 0.05376044568245131,
  "pad": 1.7849582172701948
}