{
  "run_id": "20260128_123716",
  "dataset_a": "ARTAXOR",
  "dataset_b": "XVIEW",
  "model": "DomainDiscriminator",
  "seed": 42,
  "test_size": 0.99,
  "val_fraction_on_train": 0.2,
  "epochs_max": 100,
  "best_val_auc": 1.0,
  "balance_strategy": "downsample",
  "n_a": 12300,
  "n_b": 12300,
  "embedding_dim": 2048,
  "accuracy": 0.9892830746489283,
  "roc_auc": 0.998365854488052,
  "error_eps": 0.010716925351071716,
  "pad": 1.9571322985957131
}