{
  "run_id": "20260128_122326",
  "dataset_a": "DIOR",
  "dataset_b": "XVIEW",
  "model": "MLP",
  "seed": 42,
  "test_size": 0.95,
  "val_fraction_on_train": 0.2,
  "epochs_max": 100,
  "best_val_auc": 0.9992592592592593,
  "balance_strategy": "downsample",
  "n_a": 8973,
  "n_b": 8973,
  "embedding_dim": 2048,
  "accuracy": 0.9722564373277025,
  "roc_auc": 0.9965773506855236,
  "error_eps": 0.027743562672297495,
  "pad": 1.88902574931081
}