{
  "run_id": "20260128_122326",
  "dataset_a": "DIOR",
  "dataset_b": "XVIEW",
  "model": "DomainDiscriminator",
  "seed": 42,
  "test_size": 0.95,
  "val_fraction_on_train": 0.2,
  "epochs_max": 100,
  "best_val_auc": 0.9991358024691358,
  "balance_strategy": "downsample",
  "n_a": 8973,
  "n_b": 8973,
  "embedding_dim": 2048,
  "accuracy": 0.9733122177253798,
  "roc_auc": 0.9970940632005405,
  "error_eps": 0.02668778227462021,
  "pad": 1.8932488709015192
}