{
  "run_id": "20260128_122326",
  "dataset_a": "DIOR",
  "dataset_b": "XVIEW",
  "model": "LogReg",
  "seed": 42,
  "train_fraction": 0.05,
  "test_fraction": 0.95,
  "val_fraction_on_train": 0.2,
  "balance_strategy": "downsample",
  "n_a_raw": 8973,
  "n_b_raw": 20881,
  "n_a": 8973,
  "n_b": 8973,
  "embedding_dim": 2048,
  "train_counts": {
    "0": 448,
    "1": 449
  },
  "test_counts": {
    "0": 8525,
    "1": 8524
  },
  "accuracy": 0.9835767493694645,
  "roc_auc": 0.9983741610715166,
  "error_eps": 0.016423250630535513,
  "pad": 1.934306997477858
}