{
  "run_id": "20260128_122326",
  "dataset_a": "COCO",
  "dataset_b": "XVIEW",
  "model": "MLP",
  "seed": 42,
  "test_size": 0.95,
  "val_fraction_on_train": 0.2,
  "epochs_max": 100,
  "best_val_auc": 0.9999313202536572,
  "balance_strategy": "downsample",
  "n_a": 20881,
  "n_b": 20881,
  "embedding_dim": 2048,
  "accuracy": 0.9943791904017745,
  "roc_auc": 0.9998353318467729,
  "error_eps": 0.005620809598225529,
  "pad": 1.9775167616070979
}