{
  "run_id": "20260128_122326",
  "dataset_a": "COCO",
  "dataset_b": "XVIEW",
  "model": "LogReg",
  "seed": 42,
  "train_fraction": 0.05,
  "test_fraction": 0.95,
  "val_fraction_on_train": 0.2,
  "balance_strategy": "downsample",
  "n_a_raw": 117266,
  "n_b_raw": 20881,
  "n_a": 20881,
  "n_b": 20881,
  "embedding_dim": 2048,
  "train_counts": {
    "0": 1044,
    "1": 1044
  },
  "test_counts": {
    "0": 19837,
    "1": 19837
  },
  "accuracy": 0.9991934264253668,
  "roc_auc": 0.9999953571296035,
  "error_eps": 0.000806573574633207,
  "pad": 1.9967737057014672
}