{
  "run_id": "20260128_122326",
  "dataset_a": "COCO",
  "dataset_b": "XVIEW",
  "model": "DomainDiscriminator",
  "seed": 42,
  "test_size": 0.95,
  "val_fraction_on_train": 0.2,
  "epochs_max": 100,
  "best_val_auc": 1.0,
  "balance_strategy": "downsample",
  "n_a": 20881,
  "n_b": 20881,
  "embedding_dim": 2048,
  "accuracy": 0.9984624691233553,
  "roc_auc": 0.9999873420156298,
  "error_eps": 0.001537530876644655,
  "pad": 1.9938498764934214
}