{
  "run_id": "20260127_120130",
  "dataset_a": "ARTAXOR",
  "dataset_b": "XVIEW",
  "model": "MLP",
  "seed": 42,
  "test_size": 0.2,
  "val_size": 0.2,
  "epochs_max": 100,
  "best_val_auc": 0.9999987090191024,
  "balance_strategy": "downsample",
  "n_a": 12300,
  "n_b": 12300,
  "embedding_dim": 2048,
  "accuracy": 0.9997967479674796,
  "roc_auc": 0.9999996695088903,
  "error_eps": 0.0002032520325203624,
  "pad": 1.9991869918699186
}