{
  "run_id": "20260128_123716",
  "dataset_a": "DIOR",
  "dataset_b": "UODD",
  "model": "MLP",
  "seed": 42,
  "test_size": 0.99,
  "val_fraction_on_train": 0.2,
  "epochs_max": 100,
  "best_val_auc": 1.0,
  "balance_strategy": "downsample",
  "n_a": 2560,
  "n_b": 2560,
  "embedding_dim": 2048,
  "accuracy": 0.9755375813769974,
  "roc_auc": 0.9962280247023129,
  "error_eps": 0.02446241862300258,
  "pad": 1.9021503255079897
}