{
  "run_id": "20260128_123716",
  "dataset_a": "DIOR",
  "dataset_b": "UODD",
  "model": "DomainDiscriminator",
  "seed": 42,
  "test_size": 0.99,
  "val_fraction_on_train": 0.2,
  "epochs_max": 100,
  "best_val_auc": 1.0,
  "balance_strategy": "downsample",
  "n_a": 2560,
  "n_b": 2560,
  "embedding_dim": 2048,
  "accuracy": 0.9118169264154665,
  "roc_auc": 0.9878562010308718,
  "error_eps": 0.08818307358453348,
  "pad": 1.647267705661866
}