{
  "run_id": "20260127_120130",
  "dataset_a": "ARTAXOR",
  "dataset_b": "DIOR",
  "model": "LogReg",
  "seed": 42,
  "test_size": 0.2,
  "val_size": 0.2,
  "balance_strategy": "downsample",
  "n_a_raw": 12300,
  "n_b_raw": 8973,
  "n_a": 8973,
  "n_b": 8973,
  "embedding_dim": 2048,
  "train_counts": {
    "0": 7178,
    "1": 7178
  },
  "test_counts": {
    "0": 1795,
    "1": 1795
  },
  "accuracy": 0.9994428969359331,
  "roc_auc": 0.9999916201767521,
  "error_eps": 0.0005571030640668662,
  "pad": 1.9977715877437325
}