{
  "run_id": "20260127_120130",
  "dataset_a": "ARTAXOR",
  "dataset_b": "DIOR",
  "model": "DomainDiscriminator",
  "seed": 42,
  "test_size": 0.2,
  "val_size": 0.2,
  "epochs_max": 100,
  "best_val_auc": 0.9999956355087252,
  "balance_strategy": "downsample",
  "n_a": 8973,
  "n_b": 8973,
  "embedding_dim": 2048,
  "accuracy": 0.9986072423398329,
  "roc_auc": 0.9999897579938083,
  "error_eps": 0.0013927576601671099,
  "pad": 1.9944289693593316
}