{
  "run_id": "20260127_120130",
  "dataset_a": "CADOT",
  "dataset_b": "XVIEW",
  "model": "MLP",
  "seed": 42,
  "test_size": 0.2,
  "val_size": 0.2,
  "epochs_max": 100,
  "best_val_auc": 0.9998655743336594,
  "balance_strategy": "downsample",
  "n_a": 3234,
  "n_b": 3234,
  "embedding_dim": 2048,
  "accuracy": 0.9969088098918083,
  "roc_auc": 0.9999808890874301,
  "error_eps": 0.0030911901081916993,
  "pad": 1.9876352395672332
}