{
  "run_id": "20260127_120130",
  "dataset_a": "CADOT",
  "dataset_b": "XVIEW",
  "model": "DomainDiscriminator",
  "seed": 42,
  "test_size": 0.2,
  "val_size": 0.2,
  "epochs_max": 100,
  "best_val_auc": 0.9999103828891063,
  "balance_strategy": "downsample",
  "n_a": 3234,
  "n_b": 3234,
  "embedding_dim": 2048,
  "accuracy": 0.9984544049459042,
  "roc_auc": 0.99998088908743,
  "error_eps": 0.0015455950540957941,
  "pad": 1.9938176197836168
}