{
  "run_id": "20260128_122326",
  "dataset_a": "UODD",
  "dataset_b": "XVIEW",
  "model": "MLP",
  "seed": 42,
  "test_size": 0.95,
  "val_fraction_on_train": 0.2,
  "epochs_max": 100,
  "best_val_auc": 1.0,
  "balance_strategy": "downsample",
  "n_a": 2560,
  "n_b": 2560,
  "embedding_dim": 2048,
  "accuracy": 0.9858141447368421,
  "roc_auc": 0.9961679728077389,
  "error_eps": 0.014185855263157854,
  "pad": 1.9432565789473686
}