{
  "run_id": "20260128_122326",
  "dataset_a": "UODD",
  "dataset_b": "XVIEW",
  "model": "LogReg",
  "seed": 42,
  "train_fraction": 0.05,
  "test_fraction": 0.95,
  "val_fraction_on_train": 0.2,
  "balance_strategy": "downsample",
  "n_a_raw": 2560,
  "n_b_raw": 20881,
  "n_a": 2560,
  "n_b": 2560,
  "embedding_dim": 2048,
  "train_counts": {
    "0": 128,
    "1": 128
  },
  "test_counts": {
    "0": 2432,
    "1": 2432
  },
  "accuracy": 0.9983552631578947,
  "roc_auc": 0.9999939133916206,
  "error_eps": 0.00164473684210531,
  "pad": 1.9934210526315788
}