{
  "run_id": "20260128_122326",
  "dataset_a": "OKTOBERFEST",
  "dataset_b": "UODD",
  "model": "LogReg",
  "seed": 42,
  "train_fraction": 0.05,
  "test_fraction": 0.95,
  "val_fraction_on_train": 0.2,
  "balance_strategy": "downsample",
  "n_a_raw": 835,
  "n_b_raw": 2560,
  "n_a": 835,
  "n_b": 835,
  "embedding_dim": 2048,
  "train_counts": {
    "0": 41,
    "1": 42
  },
  "test_counts": {
    "0": 794,
    "1": 793
  },
  "accuracy": 0.9974795211090107,
  "roc_auc": 0.9999904707754566,
  "error_eps": 0.002520478890989275,
  "pad": 1.989918084436043
}