{
  "run_id": "20260127_120130",
  "dataset_a": "COCO",
  "dataset_b": "XVIEW",
  "model": "MLP",
  "seed": 42,
  "test_size": 0.2,
  "val_size": 0.2,
  "epochs_max": 100,
  "best_val_auc": 0.9999982082515213,
  "balance_strategy": "downsample",
  "n_a": 20881,
  "n_b": 20881,
  "embedding_dim": 2048,
  "accuracy": 0.9986831078654376,
  "roc_auc": 0.9999923179021772,
  "error_eps": 0.0013168921345624307,
  "pad": 1.9947324314617503
}