{
  "run_id": "20260127_120130",
  "dataset_a": "COCO",
  "dataset_b": "XVIEW",
  "model": "LogReg",
  "seed": 42,
  "test_size": 0.2,
  "val_size": 0.2,
  "balance_strategy": "downsample",
  "n_a_raw": 117266,
  "n_b_raw": 20881,
  "n_a": 20881,
  "n_b": 20881,
  "embedding_dim": 2048,
  "train_counts": {
    "0": 16704,
    "1": 16705
  },
  "test_counts": {
    "0": 4177,
    "1": 4176
  },
  "accuracy": 0.9995211301328863,
  "roc_auc": 0.9999998280127353,
  "error_eps": 0.00047886986711365154,
  "pad": 1.9980845205315454
}