{
  "run_id": "20260127_120130",
  "dataset_a": "COCO",
  "dataset_b": "UODD",
  "model": "MLP",
  "seed": 42,
  "test_size": 0.2,
  "val_size": 0.2,
  "epochs_max": 100,
  "best_val_auc": 0.9999583581201665,
  "balance_strategy": "downsample",
  "n_a": 2560,
  "n_b": 2560,
  "embedding_dim": 2048,
  "accuracy": 0.9951171875,
  "roc_auc": 0.9999656677246094,
  "error_eps": 0.0048828125,
  "pad": 1.98046875
}