{
  "run_id": "20260128_122326",
  "dataset_a": "ARTAXOR",
  "dataset_b": "CADOT",
  "model": "MLP",
  "seed": 42,
  "test_size": 0.95,
  "val_fraction_on_train": 0.2,
  "epochs_max": 100,
  "best_val_auc": 1.0,
  "balance_strategy": "downsample",
  "n_a": 3234,
  "n_b": 3234,
  "embedding_dim": 2048,
  "accuracy": 0.9970707892595606,
  "roc_auc": 0.9995624059347543,
  "error_eps": 0.002929210740439392,
  "pad": 1.9882831570382424
}