{
  "run_id": "20260128_123716",
  "dataset_a": "COCO",
  "dataset_b": "OKTOBERFEST",
  "model": "MLP",
  "seed": 42,
  "test_size": 0.99,
  "val_fraction_on_train": 0.2,
  "epochs_max": 100,
  "best_val_auc": 1.0,
  "balance_strategy": "downsample",
  "n_a": 835,
  "n_b": 835,
  "embedding_dim": 2048,
  "accuracy": 0.7950423216444982,
  "roc_auc": 0.823749248825536,
  "error_eps": 0.20495767835550183,
  "pad": 1.1801692865779927
}