{
  "run_id": "20260128_123716",
  "dataset_a": "COCO",
  "dataset_b": "OKTOBERFEST",
  "model": "LogReg",
  "seed": 42,
  "train_fraction": 0.01,
  "test_fraction": 0.99,
  "val_fraction_on_train": 0.2,
  "balance_strategy": "downsample",
  "n_a_raw": 117266,
  "n_b_raw": 835,
  "n_a": 835,
  "n_b": 835,
  "embedding_dim": 2048,
  "train_counts": {
    "0": 8,
    "1": 8
  },
  "test_counts": {
    "0": 827,
    "1": 827
  },
  "accuracy": 0.786577992744861,
  "roc_auc": 0.8769389805082106,
  "error_eps": 0.21342200725513905,
  "pad": 1.1463119709794438
}