{
  "run_id": "20260128_122326",
  "dataset_a": "DOTA",
  "dataset_b": "XVIEW",
  "model": "LogReg",
  "seed": 42,
  "train_fraction": 0.05,
  "test_fraction": 0.95,
  "val_fraction_on_train": 0.2,
  "balance_strategy": "downsample",
  "n_a_raw": 54087,
  "n_b_raw": 20881,
  "n_a": 20881,
  "n_b": 20881,
  "embedding_dim": 2048,
  "train_counts": {
    "0": 1044,
    "1": 1044
  },
  "test_counts": {
    "0": 19837,
    "1": 19837
  },
  "accuracy": 0.9772395019408177,
  "roc_auc": 0.9973889203359145,
  "error_eps": 0.022760498059182344,
  "pad": 1.9089580077632706
}