{
  "run_id": "20260128_122326",
  "dataset_a": "DOTA",
  "dataset_b": "XVIEW",
  "model": "DomainDiscriminator",
  "seed": 42,
  "test_size": 0.95,
  "val_fraction_on_train": 0.2,
  "epochs_max": 100,
  "best_val_auc": 0.9964057599413931,
  "balance_strategy": "downsample",
  "n_a": 20881,
  "n_b": 20881,
  "embedding_dim": 2048,
  "accuracy": 0.9691233553460705,
  "roc_auc": 0.9962461770237946,
  "error_eps": 0.030876644653929475,
  "pad": 1.876493421384282
}