{
  "run_id": "20260128_122326",
  "dataset_a": "DOTA",
  "dataset_b": "XVIEW",
  "model": "MLP",
  "seed": 42,
  "test_size": 0.95,
  "val_fraction_on_train": 0.2,
  "epochs_max": 100,
  "best_val_auc": 0.996153934204803,
  "balance_strategy": "downsample",
  "n_a": 20881,
  "n_b": 20881,
  "embedding_dim": 2048,
  "accuracy": 0.9698291072238746,
  "roc_auc": 0.9956838547719391,
  "error_eps": 0.03017089277612539,
  "pad": 1.8793164288954984
}