{
  "run_id": "20260128_123716",
  "dataset_a": "DIOR",
  "dataset_b": "FASHIONPEDIA",
  "model": "MLP",
  "seed": 42,
  "test_size": 0.99,
  "val_fraction_on_train": 0.2,
  "epochs_max": 100,
  "best_val_auc": 1.0,
  "balance_strategy": "downsample",
  "n_a": 8973,
  "n_b": 8973,
  "embedding_dim": 2048,
  "accuracy": 0.9971857938875444,
  "roc_auc": 0.9999082575457028,
  "error_eps": 0.0028142061124556417,
  "pad": 1.9887431755501774
}