{
  "run_id": "20260128_123716",
  "dataset_a": "DIOR",
  "dataset_b": "DOTA",
  "model": "DomainDiscriminator",
  "seed": 42,
  "test_size": 0.99,
  "val_fraction_on_train": 0.2,
  "epochs_max": 100,
  "best_val_auc": 0.8271604938271605,
  "balance_strategy": "downsample",
  "n_a": 8973,
  "n_b": 8973,
  "embedding_dim": 2048,
  "accuracy": 0.785838914842123,
  "roc_auc": 0.8724394288185757,
  "error_eps": 0.21416108515787702,
  "pad": 1.143355659368492
}