{
  "run_id": "20260127_120130",
  "dataset_a": "DEEPFRUITS",
  "dataset_b": "DOTA",
  "model": "LogReg",
  "seed": 42,
  "test_size": 0.2,
  "val_size": 0.2,
  "balance_strategy": "downsample",
  "n_a_raw": 365,
  "n_b_raw": 54087,
  "n_a": 365,
  "n_b": 365,
  "embedding_dim": 2048,
  "train_counts": {
    "0": 292,
    "1": 292
  },
  "test_counts": {
    "0": 73,
    "1": 73
  },
  "accuracy": 0.9931506849315068,
  "roc_auc": 1.0,
  "error_eps": 0.006849315068493178,
  "pad": 1.9726027397260273
}