{
  "run_id": "20260127_120130",
  "dataset_a": "DEEPFRUITS",
  "dataset_b": "DOTA",
  "model": "MLP",
  "seed": 42,
  "test_size": 0.2,
  "val_size": 0.2,
  "epochs_max": 100,
  "best_val_auc": 1.0,
  "balance_strategy": "downsample",
  "n_a": 365,
  "n_b": 365,
  "embedding_dim": 2048,
  "accuracy": 0.9863013698630136,
  "roc_auc": 0.9921185963595421,
  "error_eps": 0.013698630136986356,
  "pad": 1.9452054794520546
}