{
  "run_id": "20260127_120130",
  "dataset_a": "DOTA",
  "dataset_b": "UODD",
  "model": "DomainDiscriminator",
  "seed": 42,
  "test_size": 0.2,
  "val_size": 0.2,
  "epochs_max": 100,
  "best_val_auc": 0.9999940511600238,
  "balance_strategy": "downsample",
  "n_a": 2560,
  "n_b": 2560,
  "embedding_dim": 2048,
  "accuracy": 0.9970703125,
  "roc_auc": 0.9999923706054688,
  "error_eps": 0.0029296875,
  "pad": 1.98828125
}