{
  "run_id": "20260127_120130",
  "dataset_a": "DOTA",
  "dataset_b": "UODD",
  "model": "MLP",
  "seed": 42,
  "test_size": 0.2,
  "val_size": 0.2,
  "epochs_max": 100,
  "best_val_auc": 0.9999405116002379,
  "balance_strategy": "downsample",
  "n_a": 2560,
  "n_b": 2560,
  "embedding_dim": 2048,
  "accuracy": 0.998046875,
  "roc_auc": 0.9999618530273438,
  "error_eps": 0.001953125,
  "pad": 1.9921875
}