{
  "run_id": "20260128_123716",
  "dataset_a": "COCO",
  "dataset_b": "DEEPFRUITS",
  "model": "MLP",
  "seed": 42,
  "test_size": 0.99,
  "val_fraction_on_train": 0.2,
  "epochs_max": 100,
  "best_val_auc": 1.0,
  "balance_strategy": "downsample",
  "n_a": 365,
  "n_b": 365,
  "embedding_dim": 2048,
  "accuracy": 0.6099585062240664,
  "roc_auc": 0.7973936731914113,
  "error_eps": 0.39004149377593356,
  "pad": 0.4398340248962658
}