{
  "run_id": "20260128_123716",
  "dataset_a": "COCO",
  "dataset_b": "DEEPFRUITS",
  "model": "DomainDiscriminator",
  "seed": 42,
  "test_size": 0.99,
  "val_fraction_on_train": 0.2,
  "epochs_max": 100,
  "best_val_auc": 1.0,
  "balance_strategy": "downsample",
  "n_a": 365,
  "n_b": 365,
  "embedding_dim": 2048,
  "accuracy": 0.5283540802213001,
  "roc_auc": 0.43452809109135154,
  "error_eps": 0.47164591977869985,
  "pad": 0.1134163208852006
}