{
  "run_id": "20260127_120130",
  "dataset_a": "CADOT",
  "dataset_b": "OKTOBERFEST",
  "model": "MLP",
  "seed": 42,
  "test_size": 0.2,
  "val_size": 0.2,
  "epochs_max": 100,
  "best_val_auc": 0.9999443083092002,
  "balance_strategy": "downsample",
  "n_a": 835,
  "n_b": 835,
  "embedding_dim": 2048,
  "accuracy": 0.9940119760479041,
  "roc_auc": 1.0,
  "error_eps": 0.005988023952095856,
  "pad": 1.9760479041916166
}