{
  "run_id": "20260128_123716",
  "dataset_a": "DEEPFRUITS",
  "dataset_b": "UODD",
  "model": "MLP",
  "seed": 42,
  "test_size": 0.99,
  "val_fraction_on_train": 0.2,
  "epochs_max": 100,
  "best_val_auc": 1.0,
  "balance_strategy": "downsample",
  "n_a": 365,
  "n_b": 365,
  "embedding_dim": 2048,
  "accuracy": 0.5214384508990318,
  "roc_auc": 0.380572687898869,
  "error_eps": 0.47856154910096815,
  "pad": 0.08575380359612739
}