{
  "run_id": "20260127_120130",
  "dataset_a": "CADOT",
  "dataset_b": "DOTA",
  "model": "LogReg",
  "seed": 42,
  "test_size": 0.2,
  "val_size": 0.2,
  "balance_strategy": "downsample",
  "n_a_raw": 3234,
  "n_b_raw": 54087,
  "n_a": 3234,
  "n_b": 3234,
  "embedding_dim": 2048,
  "train_counts": {
    "0": 2587,
    "1": 2587
  },
  "test_counts": {
    "0": 647,
    "1": 647
  },
  "accuracy": 0.9853168469860897,
  "roc_auc": 0.998958455264937,
  "error_eps": 0.014683153013910322,
  "pad": 1.9412673879443587
}