{
  "run_id": "20260127_120130",
  "dataset_a": "CADOT",
  "dataset_b": "DOTA",
  "model": "MLP",
  "seed": 42,
  "test_size": 0.2,
  "val_size": 0.2,
  "epochs_max": 100,
  "best_val_auc": 0.9982300620598493,
  "balance_strategy": "downsample",
  "n_a": 3234,
  "n_b": 3234,
  "embedding_dim": 2048,
  "accuracy": 0.9799072642967542,
  "roc_auc": 0.9976015804724696,
  "error_eps": 0.020092735703245768,
  "pad": 1.919629057187017
}