{
  "run_id": "20260128_123716",
  "dataset_a": "COCO",
  "dataset_b": "XVIEW",
  "model": "MLP",
  "seed": 42,
  "test_size": 0.99,
  "val_fraction_on_train": 0.2,
  "epochs_max": 100,
  "best_val_auc": 1.0,
  "balance_strategy": "downsample",
  "n_a": 20881,
  "n_b": 20881,
  "embedding_dim": 2048,
  "accuracy": 0.9900834441891402,
  "roc_auc": 0.9993994907096032,
  "error_eps": 0.009916555810859817,
  "pad": 1.9603337767565607
}