{
  "run_id": "20260128_123716",
  "dataset_a": "COCO",
  "dataset_b": "XVIEW",
  "model": "DomainDiscriminator",
  "seed": 42,
  "test_size": 0.99,
  "val_fraction_on_train": 0.2,
  "epochs_max": 100,
  "best_val_auc": 1.0,
  "balance_strategy": "downsample",
  "n_a": 20881,
  "n_b": 20881,
  "embedding_dim": 2048,
  "accuracy": 0.988656427621236,
  "roc_auc": 0.999450116392974,
  "error_eps": 0.011343572378764044,
  "pad": 1.9546257104849438
}