{
  "run_id": "20260128_122326",
  "dataset_a": "ARTAXOR",
  "dataset_b": "DEEPFRUITS",
  "model": "LogReg",
  "seed": 42,
  "train_fraction": 0.05,
  "test_fraction": 0.95,
  "val_fraction_on_train": 0.2,
  "balance_strategy": "downsample",
  "n_a_raw": 12300,
  "n_b_raw": 365,
  "n_a": 365,
  "n_b": 365,
  "embedding_dim": 2048,
  "train_counts": {
    "0": 18,
    "1": 18
  },
  "test_counts": {
    "0": 347,
    "1": 347
  },
  "accuracy": 0.9870317002881844,
  "roc_auc": 0.992724796319212,
  "error_eps": 0.012968299711815567,
  "pad": 1.9481268011527377
}