{
  "run_id": "20260128_122326",
  "dataset_a": "ARTAXOR",
  "dataset_b": "DEEPFRUITS",
  "model": "DomainDiscriminator",
  "seed": 42,
  "test_size": 0.95,
  "val_fraction_on_train": 0.2,
  "epochs_max": 100,
  "best_val_auc": 1.0,
  "balance_strategy": "downsample",
  "n_a": 365,
  "n_b": 365,
  "embedding_dim": 2048,
  "accuracy": 0.7680115273775217,
  "roc_auc": 0.8672524479067178,
  "error_eps": 0.23198847262247835,
  "pad": 1.0720461095100866
}