{
  "run_id": "20260128_123716",
  "dataset_a": "DOTA",
  "dataset_b": "FASHIONPEDIA",
  "model": "LogReg",
  "seed": 42,
  "train_fraction": 0.01,
  "test_fraction": 0.99,
  "val_fraction_on_train": 0.2,
  "balance_strategy": "downsample",
  "n_a_raw": 54087,
  "n_b_raw": 36498,
  "n_a": 36498,
  "n_b": 36498,
  "embedding_dim": 2048,
  "train_counts": {
    "0": 364,
    "1": 365
  },
  "test_counts": {
    "0": 36134,
    "1": 36133
  },
  "accuracy": 0.9993357964216032,
  "roc_auc": 0.9999732550532995,
  "error_eps": 0.0006642035783968048,
  "pad": 1.9973431856864128
}