{
  "run_id": "20260128_123716",
  "dataset_a": "CADOT",
  "dataset_b": "OKTOBERFEST",
  "model": "DomainDiscriminator",
  "seed": 42,
  "test_size": 0.99,
  "val_fraction_on_train": 0.2,
  "epochs_max": 100,
  "best_val_auc": 1.0,
  "balance_strategy": "downsample",
  "n_a": 835,
  "n_b": 835,
  "embedding_dim": 2048,
  "accuracy": 0.9873035066505441,
  "roc_auc": 0.9980421944383115,
  "error_eps": 0.012696493349455884,
  "pad": 1.9492140266021765
}