{
  "run_id": "20260128_122326",
  "dataset_a": "DEEPFRUITS",
  "dataset_b": "UODD",
  "model": "LogReg",
  "seed": 42,
  "train_fraction": 0.05,
  "test_fraction": 0.95,
  "val_fraction_on_train": 0.2,
  "balance_strategy": "downsample",
  "n_a_raw": 365,
  "n_b_raw": 2560,
  "n_a": 365,
  "n_b": 365,
  "embedding_dim": 2048,
  "train_counts": {
    "0": 18,
    "1": 18
  },
  "test_counts": {
    "0": 347,
    "1": 347
  },
  "accuracy": 0.9798270893371758,
  "roc_auc": 0.9781411688495047,
  "error_eps": 0.02017291066282423,
  "pad": 1.919308357348703
}