{
  "run_id": "20260128_123716",
  "dataset_a": "OKTOBERFEST",
  "dataset_b": "XVIEW",
  "model": "DomainDiscriminator",
  "seed": 42,
  "test_size": 0.99,
  "val_fraction_on_train": 0.2,
  "epochs_max": 100,
  "best_val_auc": 1.0,
  "balance_strategy": "downsample",
  "n_a": 835,
  "n_b": 835,
  "embedding_dim": 2048,
  "accuracy": 0.9619105199516325,
  "roc_auc": 0.9935475758448611,
  "error_eps": 0.03808948004836754,
  "pad": 1.8476420798065298
}