{
  "run_id": "20260128_123716",
  "dataset_a": "OKTOBERFEST",
  "dataset_b": "XVIEW",
  "model": "MLP",
  "seed": 42,
  "test_size": 0.99,
  "val_fraction_on_train": 0.2,
  "epochs_max": 100,
  "best_val_auc": 1.0,
  "balance_strategy": "downsample",
  "n_a": 835,
  "n_b": 835,
  "embedding_dim": 2048,
  "accuracy": 0.8579201934703748,
  "roc_auc": 0.9832804282315855,
  "error_eps": 0.14207980652962515,
  "pad": 1.4316807738814994
}