{
  "run_id": "20260128_122326",
  "dataset_a": "COCO",
  "dataset_b": "FASHIONPEDIA",
  "model": "LogReg",
  "seed": 42,
  "train_fraction": 0.05,
  "test_fraction": 0.95,
  "val_fraction_on_train": 0.2,
  "balance_strategy": "downsample",
  "n_a_raw": 117266,
  "n_b_raw": 36498,
  "n_a": 36498,
  "n_b": 36498,
  "embedding_dim": 2048,
  "train_counts": {
    "0": 1824,
    "1": 1825
  },
  "test_counts": {
    "0": 34674,
    "1": 34673
  },
  "accuracy": 0.9859691118577588,
  "roc_auc": 0.9984629165834125,
  "error_eps": 0.014030888142241182,
  "pad": 1.9438764474310353
}