{
  "run_id": "20260128_122326",
  "dataset_a": "COCO",
  "dataset_b": "FASHIONPEDIA",
  "model": "DomainDiscriminator",
  "seed": 42,
  "test_size": 0.95,
  "val_fraction_on_train": 0.2,
  "epochs_max": 100,
  "best_val_auc": 0.9991292925501971,
  "balance_strategy": "downsample",
  "n_a": 36498,
  "n_b": 36498,
  "embedding_dim": 2048,
  "accuracy": 0.9856518666993526,
  "roc_auc": 0.9984862602828122,
  "error_eps": 0.014348133300647437,
  "pad": 1.9426074667974103
}