{
  "run_id": "20260128_122326",
  "dataset_a": "COCO",
  "dataset_b": "FASHIONPEDIA",
  "model": "MLP",
  "seed": 42,
  "test_size": 0.95,
  "val_fraction_on_train": 0.2,
  "epochs_max": 100,
  "best_val_auc": 0.9983111277913305,
  "balance_strategy": "downsample",
  "n_a": 36498,
  "n_b": 36498,
  "embedding_dim": 2048,
  "accuracy": 0.9835465124662927,
  "roc_auc": 0.9982047992313675,
  "error_eps": 0.016453487533707345,
  "pad": 1.9341860498651706
}