{
  "run_id": "20260128_123716",
  "dataset_a": "CADOT",
  "dataset_b": "DEEPFRUITS",
  "model": "DomainDiscriminator",
  "seed": 42,
  "test_size": 0.99,
  "val_fraction_on_train": 0.2,
  "epochs_max": 100,
  "best_val_auc": 1.0,
  "balance_strategy": "downsample",
  "n_a": 365,
  "n_b": 365,
  "embedding_dim": 2048,
  "accuracy": 0.6265560165975104,
  "roc_auc": 0.5830871887482592,
  "error_eps": 0.37344398340248963,
  "pad": 0.5062240663900415
}