{
  "run_id": "20260128_123716",
  "dataset_a": "CADOT",
  "dataset_b": "DEEPFRUITS",
  "model": "LogReg",
  "seed": 42,
  "train_fraction": 0.01,
  "test_fraction": 0.99,
  "val_fraction_on_train": 0.2,
  "balance_strategy": "downsample",
  "n_a_raw": 3234,
  "n_b_raw": 365,
  "n_a": 365,
  "n_b": 365,
  "embedding_dim": 2048,
  "train_counts": {
    "0": 3,
    "1": 4
  },
  "test_counts": {
    "0": 362,
    "1": 361
  },
  "accuracy": 0.9432918395573997,
  "roc_auc": 0.9380251297041674,
  "error_eps": 0.0567081604426003,
  "pad": 1.7731673582295988
}