{
  "run_id": "20260128_123716",
  "dataset_a": "FASHIONPEDIA",
  "dataset_b": "OKTOBERFEST",
  "model": "DomainDiscriminator",
  "seed": 42,
  "test_size": 0.99,
  "val_fraction_on_train": 0.2,
  "epochs_max": 100,
  "best_val_auc": 1.0,
  "balance_strategy": "downsample",
  "n_a": 835,
  "n_b": 835,
  "embedding_dim": 2048,
  "accuracy": 0.9746070133010882,
  "roc_auc": 0.9917272114503114,
  "error_eps": 0.025392986698911768,
  "pad": 1.898428053204353
}