{
  "run_id": "20260128_123716",
  "dataset_a": "FASHIONPEDIA",
  "dataset_b": "OKTOBERFEST",
  "model": "LogReg",
  "seed": 42,
  "train_fraction": 0.01,
  "test_fraction": 0.99,
  "val_fraction_on_train": 0.2,
  "balance_strategy": "downsample",
  "n_a_raw": 36498,
  "n_b_raw": 835,
  "n_a": 835,
  "n_b": 835,
  "embedding_dim": 2048,
  "train_counts": {
    "0": 8,
    "1": 8
  },
  "test_counts": {
    "0": 827,
    "1": 827
  },
  "accuracy": 0.9891172914147521,
  "roc_auc": 0.9988712278613716,
  "error_eps": 0.010882708585247869,
  "pad": 1.9564691656590085
}