{
  "run_id": "20260127_120130",
  "dataset_a": "ARTAXOR",
  "dataset_b": "COCO",
  "model": "DomainDiscriminator",
  "seed": 42,
  "test_size": 0.2,
  "val_size": 0.2,
  "epochs_max": 100,
  "best_val_auc": 0.9999230575385022,
  "balance_strategy": "downsample",
  "n_a": 12300,
  "n_b": 12300,
  "embedding_dim": 2048,
  "accuracy": 0.9967479674796748,
  "roc_auc": 0.9999453037213298,
  "error_eps": 0.003252032520325243,
  "pad": 1.986991869918699
}