{
  "run_id": "20260128_123716",
  "dataset_a": "DEEPFRUITS",
  "dataset_b": "DIOR",
  "model": "MLP",
  "seed": 42,
  "test_size": 0.99,
  "val_fraction_on_train": 0.2,
  "epochs_max": 100,
  "best_val_auc": 1.0,
  "balance_strategy": "downsample",
  "n_a": 365,
  "n_b": 365,
  "embedding_dim": 2048,
  "accuracy": 0.7247579529737206,
  "roc_auc": 0.776947092943175,
  "error_eps": 0.2752420470262794,
  "pad": 0.8990318118948823
}