{
  "run_id": "20260128_123716",
  "dataset_a": "CADOT",
  "dataset_b": "DOTA",
  "model": "MLP",
  "seed": 42,
  "test_size": 0.99,
  "val_fraction_on_train": 0.2,
  "epochs_max": 100,
  "best_val_auc": 0.8809523809523809,
  "balance_strategy": "downsample",
  "n_a": 3234,
  "n_b": 3234,
  "embedding_dim": 2048,
  "accuracy": 0.9072454715802624,
  "roc_auc": 0.9676382675412502,
  "error_eps": 0.09275452841973764,
  "pad": 1.6289818863210495
}