{
  "run_id": "20260128_122326",
  "dataset_a": "CADOT",
  "dataset_b": "UODD",
  "model": "MLP",
  "seed": 42,
  "test_size": 0.95,
  "val_fraction_on_train": 0.2,
  "epochs_max": 100,
  "best_val_auc": 1.0,
  "balance_strategy": "downsample",
  "n_a": 2560,
  "n_b": 2560,
  "embedding_dim": 2048,
  "accuracy": 0.9907483552631579,
  "roc_auc": 0.996741128430142,
  "error_eps": 0.009251644736842146,
  "pad": 1.9629934210526314
}