{
  "pairs": {
    "DIOR_blurry vs DOTA_blurry": {
      "dsi_10": 3.495158286778407,
      "dsi_10_std": 1.2605726941197437,
      "interpretation": "N\u00e9gligeable",
      "acc_10": 51.7475791433892,
      "acc_500": 54.839972419227735
    }
  },
  "global_stats": {
    "mean_dsi": 3.495158286778407,
    "std_dsi": NaN,
    "min_dsi": 3.495158286778407,
    "max_dsi": 3.495158286778407
  }
}