{
  "run_id": "20260128_123716",
  "dataset_a": "COCO",
  "dataset_b": "DOTA",
  "model": "LogReg",
  "seed": 42,
  "train_fraction": 0.01,
  "test_fraction": 0.99,
  "val_fraction_on_train": 0.2,
  "balance_strategy": "downsample",
  "n_a_raw": 117266,
  "n_b_raw": 54087,
  "n_a": 54087,
  "n_b": 54087,
  "embedding_dim": 2048,
  "train_counts": {
    "0": 540,
    "1": 541
  },
  "test_counts": {
    "0": 53547,
    "1": 53546
  },
  "accuracy": 0.9978243209173335,
  "roc_auc": 0.9999402551801971,
  "error_eps": 0.0021756790826664707,
  "pad": 1.9912972836693341
}