{
  "run_id": "20260128_123716",
  "dataset_a": "COCO",
  "dataset_b": "DOTA",
  "model": "MLP",
  "seed": 42,
  "test_size": 0.99,
  "val_fraction_on_train": 0.2,
  "epochs_max": 100,
  "best_val_auc": 1.0,
  "balance_strategy": "downsample",
  "n_a": 54087,
  "n_b": 54087,
  "embedding_dim": 2048,
  "accuracy": 0.9896258392238522,
  "roc_auc": 0.9990935186157534,
  "error_eps": 0.010374160776147834,
  "pad": 1.9585033568954087
}