{
  "run_id": "20260128_122326",
  "dataset_a": "ARTAXOR",
  "dataset_b": "DIOR",
  "model": "DomainDiscriminator",
  "seed": 42,
  "test_size": 0.95,
  "val_fraction_on_train": 0.2,
  "epochs_max": 100,
  "best_val_auc": 1.0,
  "balance_strategy": "downsample",
  "n_a": 8973,
  "n_b": 8973,
  "embedding_dim": 2048,
  "accuracy": 0.9943105167458502,
  "roc_auc": 0.9998271569940178,
  "error_eps": 0.005689483254149752,
  "pad": 1.977242066983401
}