{
  "run_id": "20260128_123716",
  "dataset_a": "COCO",
  "dataset_b": "DEEPFRUITS",
  "model": "LogReg",
  "seed": 42,
  "train_fraction": 0.01,
  "test_fraction": 0.99,
  "val_fraction_on_train": 0.2,
  "balance_strategy": "downsample",
  "n_a_raw": 117266,
  "n_b_raw": 365,
  "n_a": 365,
  "n_b": 365,
  "embedding_dim": 2048,
  "train_counts": {
    "0": 3,
    "1": 4
  },
  "test_counts": {
    "0": 362,
    "1": 361
  },
  "accuracy": 0.710926694329184,
  "roc_auc": 0.5890864847492386,
  "error_eps": 0.289073305670816,
  "pad": 0.8437067773167359
}