{
  "run_id": "20260128_122326",
  "dataset_a": "CADOT",
  "dataset_b": "DEEPFRUITS",
  "model": "MLP",
  "seed": 42,
  "test_size": 0.95,
  "val_fraction_on_train": 0.2,
  "epochs_max": 100,
  "best_val_auc": 1.0,
  "balance_strategy": "downsample",
  "n_a": 365,
  "n_b": 365,
  "embedding_dim": 2048,
  "accuracy": 0.9726224783861671,
  "roc_auc": 0.9923842902108647,
  "error_eps": 0.02737752161383289,
  "pad": 1.8904899135446684
}