{
  "run_id": "20260128_123716",
  "dataset_a": "DOTA",
  "dataset_b": "UODD",
  "model": "DomainDiscriminator",
  "seed": 42,
  "test_size": 0.99,
  "val_fraction_on_train": 0.2,
  "epochs_max": 100,
  "best_val_auc": 1.0,
  "balance_strategy": "downsample",
  "n_a": 2560,
  "n_b": 2560,
  "embedding_dim": 2048,
  "accuracy": 0.9552179917143421,
  "roc_auc": 0.9924010965659925,
  "error_eps": 0.044782008285657926,
  "pad": 1.8208719668573683
}