{
  "run_id": "20260128_122326",
  "dataset_a": "CADOT",
  "dataset_b": "DIOR",
  "model": "MLP",
  "seed": 42,
  "test_size": 0.95,
  "val_fraction_on_train": 0.2,
  "epochs_max": 100,
  "best_val_auc": 1.0,
  "balance_strategy": "downsample",
  "n_a": 3234,
  "n_b": 3234,
  "embedding_dim": 2048,
  "accuracy": 0.9573637103336046,
  "roc_auc": 0.9916398453601257,
  "error_eps": 0.04263628966639543,
  "pad": 1.8294548413344183
}