{
  "run_id": "20260128_123716",
  "dataset_a": "DIOR",
  "dataset_b": "OKTOBERFEST",
  "model": "DomainDiscriminator",
  "seed": 42,
  "test_size": 0.99,
  "val_fraction_on_train": 0.2,
  "epochs_max": 100,
  "best_val_auc": 1.0,
  "balance_strategy": "downsample",
  "n_a": 835,
  "n_b": 835,
  "embedding_dim": 2048,
  "accuracy": 0.9558645707376058,
  "roc_auc": 0.9938517009806573,
  "error_eps": 0.04413542926239422,
  "pad": 1.8234582829504231
}