{
  "run_id": "20260128_123716",
  "dataset_a": "FASHIONPEDIA",
  "dataset_b": "UODD",
  "model": "MLP",
  "seed": 42,
  "test_size": 0.99,
  "val_fraction_on_train": 0.2,
  "epochs_max": 100,
  "best_val_auc": 1.0,
  "balance_strategy": "downsample",
  "n_a": 2560,
  "n_b": 2560,
  "embedding_dim": 2048,
  "accuracy": 0.9747484710988361,
  "roc_auc": 0.9872621499480827,
  "error_eps": 0.02525152890116389,
  "pad": 1.8989938843953444
}