{
  "run_id": "20260127_120130",
  "dataset_a": "FASHIONPEDIA",
  "dataset_b": "XVIEW",
  "model": "MLP",
  "seed": 42,
  "test_size": 0.2,
  "val_size": 0.2,
  "epochs_max": 100,
  "best_val_auc": 0.9999990145383367,
  "balance_strategy": "downsample",
  "n_a": 20881,
  "n_b": 20881,
  "embedding_dim": 2048,
  "accuracy": 0.9997605650664432,
  "roc_auc": 0.9999995986963824,
  "error_eps": 0.00023943493355682577,
  "pad": 1.9990422602657727
}