{
  "run_id": "20260127_120130",
  "dataset_a": "ARTAXOR",
  "dataset_b": "CADOT",
  "model": "LogReg",
  "seed": 42,
  "test_size": 0.2,
  "val_size": 0.2,
  "balance_strategy": "downsample",
  "n_a_raw": 12300,
  "n_b_raw": 3234,
  "n_a": 3234,
  "n_b": 3234,
  "embedding_dim": 2048,
  "train_counts": {
    "0": 2587,
    "1": 2587
  },
  "test_counts": {
    "0": 647,
    "1": 647
  },
  "accuracy": 0.999227202472952,
  "roc_auc": 1.0,
  "error_eps": 0.0007727975270479526,
  "pad": 1.9969088098918082
}