{
  "run_id": "20260127_120130",
  "dataset_a": "DOTA",
  "dataset_b": "FASHIONPEDIA",
  "model": "DomainDiscriminator",
  "seed": 42,
  "test_size": 0.2,
  "val_size": 0.2,
  "epochs_max": 100,
  "best_val_auc": 0.9999999413586039,
  "balance_strategy": "downsample",
  "n_a": 36498,
  "n_b": 36498,
  "embedding_dim": 2048,
  "accuracy": 0.9999315068493151,
  "roc_auc": 0.9999991930943892,
  "error_eps": 6.84931506849118e-05,
  "pad": 1.9997260273972604
}