{
  "run_id": "20260127_120130",
  "dataset_a": "DOTA",
  "dataset_b": "FASHIONPEDIA",
  "model": "LogReg",
  "seed": 42,
  "test_size": 0.2,
  "val_size": 0.2,
  "balance_strategy": "downsample",
  "n_a_raw": 54087,
  "n_b_raw": 36498,
  "n_a": 36498,
  "n_b": 36498,
  "embedding_dim": 2048,
  "train_counts": {
    "0": 29198,
    "1": 29198
  },
  "test_counts": {
    "0": 7300,
    "1": 7300
  },
  "accuracy": 0.9998630136986302,
  "roc_auc": 0.9999993619816101,
  "error_eps": 0.0001369863013698236,
  "pad": 1.9994520547945207
}