{
  "run_id": "20260127_120130",
  "dataset_a": "ARTAXOR",
  "dataset_b": "FASHIONPEDIA",
  "model": "DomainDiscriminator",
  "seed": 42,
  "test_size": 0.2,
  "val_size": 0.2,
  "epochs_max": 100,
  "best_val_auc": 1.0,
  "balance_strategy": "downsample",
  "n_a": 12300,
  "n_b": 12300,
  "embedding_dim": 2048,
  "accuracy": 0.9995934959349594,
  "roc_auc": 0.9999920682133651,
  "error_eps": 0.00040650406504061376,
  "pad": 1.9983739837398375
}