{
  "run_id": "20260127_120130",
  "dataset_a": "ARTAXOR",
  "dataset_b": "FASHIONPEDIA",
  "model": "LogReg",
  "seed": 42,
  "test_size": 0.2,
  "val_size": 0.2,
  "balance_strategy": "downsample",
  "n_a_raw": 12300,
  "n_b_raw": 36498,
  "n_a": 12300,
  "n_b": 12300,
  "embedding_dim": 2048,
  "train_counts": {
    "0": 9840,
    "1": 9840
  },
  "test_counts": {
    "0": 2460,
    "1": 2460
  },
  "accuracy": 0.9995934959349594,
  "roc_auc": 0.9999955383700179,
  "error_eps": 0.00040650406504061376,
  "pad": 1.9983739837398375
}