{
  "run_id": "20260127_120130",
  "dataset_a": "ARTAXOR",
  "dataset_b": "FASHIONPEDIA",
  "model": "MLP",
  "seed": 42,
  "test_size": 0.2,
  "val_size": 0.2,
  "epochs_max": 100,
  "best_val_auc": 0.9999997418038205,
  "balance_strategy": "downsample",
  "n_a": 12300,
  "n_b": 12300,
  "embedding_dim": 2048,
  "accuracy": 0.999390243902439,
  "roc_auc": 0.9999909114944807,
  "error_eps": 0.0006097560975609762,
  "pad": 1.997560975609756
}