{
  "run_id": "20260128_123716",
  "dataset_a": "DIOR",
  "dataset_b": "XVIEW",
  "model": "MLP",
  "seed": 42,
  "test_size": 0.99,
  "val_fraction_on_train": 0.2,
  "epochs_max": 100,
  "best_val_auc": 0.9691358024691359,
  "balance_strategy": "downsample",
  "n_a": 8973,
  "n_b": 8973,
  "embedding_dim": 2048,
  "accuracy": 0.9190071480835257,
  "roc_auc": 0.9758212951773931,
  "error_eps": 0.08099285191647432,
  "pad": 1.6760285923341027
}