{
  "run_id": "20260128_122326",
  "dataset_a": "DOTA",
  "dataset_b": "FASHIONPEDIA",
  "model": "DomainDiscriminator",
  "seed": 42,
  "test_size": 0.95,
  "val_fraction_on_train": 0.2,
  "epochs_max": 100,
  "best_val_auc": 1.0,
  "balance_strategy": "downsample",
  "n_a": 36498,
  "n_b": 36498,
  "embedding_dim": 2048,
  "accuracy": 0.9994664513244985,
  "roc_auc": 0.9999940129004711,
  "error_eps": 0.0005335486755014829,
  "pad": 1.997865805297994
}