{
  "run_id": "20260128_122326",
  "dataset_a": "COCO",
  "dataset_b": "DEEPFRUITS",
  "model": "DomainDiscriminator",
  "seed": 42,
  "test_size": 0.95,
  "val_fraction_on_train": 0.2,
  "epochs_max": 100,
  "best_val_auc": 1.0,
  "balance_strategy": "downsample",
  "n_a": 365,
  "n_b": 365,
  "embedding_dim": 2048,
  "accuracy": 0.9063400576368876,
  "roc_auc": 0.9758572864154673,
  "error_eps": 0.09365994236311237,
  "pad": 1.6253602305475505
}