{
  "run_id": "20260128_123716",
  "dataset_a": "CADOT",
  "dataset_b": "DOTA",
  "model": "LogReg",
  "seed": 42,
  "train_fraction": 0.01,
  "test_fraction": 0.99,
  "val_fraction_on_train": 0.2,
  "balance_strategy": "downsample",
  "n_a_raw": 3234,
  "n_b_raw": 54087,
  "n_a": 3234,
  "n_b": 3234,
  "embedding_dim": 2048,
  "train_counts": {
    "0": 32,
    "1": 32
  },
  "test_counts": {
    "0": 3202,
    "1": 3202
  },
  "accuracy": 0.9287945034353529,
  "roc_auc": 0.9794227998506556,
  "error_eps": 0.07120549656464714,
  "pad": 1.7151780137414114
}