{
  "run_id": "20260128_123716",
  "dataset_a": "CADOT",
  "dataset_b": "DOTA",
  "model": "DomainDiscriminator",
  "seed": 42,
  "test_size": 0.99,
  "val_fraction_on_train": 0.2,
  "epochs_max": 100,
  "best_val_auc": 0.9523809523809524,
  "balance_strategy": "downsample",
  "n_a": 3234,
  "n_b": 3234,
  "embedding_dim": 2048,
  "accuracy": 0.9253591505309182,
  "roc_auc": 0.9754363781849335,
  "error_eps": 0.07464084946908178,
  "pad": 1.7014366021236729
}