{
  "run_id": "20260128_123716",
  "dataset_a": "COCO",
  "dataset_b": "FASHIONPEDIA",
  "model": "MLP",
  "seed": 42,
  "test_size": 0.99,
  "val_fraction_on_train": 0.2,
  "epochs_max": 100,
  "best_val_auc": 0.9971852129855507,
  "balance_strategy": "downsample",
  "n_a": 36498,
  "n_b": 36498,
  "embedding_dim": 2048,
  "accuracy": 0.9760886711777159,
  "roc_auc": 0.9968315337699142,
  "error_eps": 0.023911328822284084,
  "pad": 1.9043546847108637
}