{
  "run_id": "20260128_123716",
  "dataset_a": "DEEPFRUITS",
  "dataset_b": "DIOR",
  "model": "LogReg",
  "seed": 42,
  "train_fraction": 0.01,
  "test_fraction": 0.99,
  "val_fraction_on_train": 0.2,
  "balance_strategy": "downsample",
  "n_a_raw": 365,
  "n_b_raw": 8973,
  "n_a": 365,
  "n_b": 365,
  "embedding_dim": 2048,
  "train_counts": {
    "0": 3,
    "1": 4
  },
  "test_counts": {
    "0": 362,
    "1": 361
  },
  "accuracy": 0.8243430152143845,
  "roc_auc": 0.9546303239925928,
  "error_eps": 0.17565698478561553,
  "pad": 1.2973720608575379
}