{
  "run_id": "20260127_120130",
  "dataset_a": "DIOR",
  "dataset_b": "FASHIONPEDIA",
  "model": "LogReg",
  "seed": 42,
  "test_size": 0.2,
  "val_size": 0.2,
  "balance_strategy": "downsample",
  "n_a_raw": 8973,
  "n_b_raw": 36498,
  "n_a": 8973,
  "n_b": 8973,
  "embedding_dim": 2048,
  "train_counts": {
    "0": 7178,
    "1": 7178
  },
  "test_counts": {
    "0": 1795,
    "1": 1795
  },
  "accuracy": 0.9997214484679666,
  "roc_auc": 1.0,
  "error_eps": 0.00027855153203337757,
  "pad": 1.9988857938718665
}