{
  "run_id": "20260127_120130",
  "dataset_a": "DIOR",
  "dataset_b": "XVIEW",
  "model": "DomainDiscriminator",
  "seed": 42,
  "test_size": 0.2,
  "val_size": 0.2,
  "epochs_max": 100,
  "best_val_auc": 0.9996105903895841,
  "balance_strategy": "downsample",
  "n_a": 8973,
  "n_b": 8973,
  "embedding_dim": 2048,
  "accuracy": 0.9944289693593314,
  "roc_auc": 0.9997842971423252,
  "error_eps": 0.005571030640668551,
  "pad": 1.9777158774373258
}