{
  "run_id": "20260127_120130",
  "dataset_a": "DIOR",
  "dataset_b": "XVIEW",
  "model": "LogReg",
  "seed": 42,
  "test_size": 0.2,
  "val_size": 0.2,
  "balance_strategy": "downsample",
  "n_a_raw": 8973,
  "n_b_raw": 20881,
  "n_a": 8973,
  "n_b": 8973,
  "embedding_dim": 2048,
  "train_counts": {
    "0": 7178,
    "1": 7178
  },
  "test_counts": {
    "0": 1795,
    "1": 1795
  },
  "accuracy": 0.9944289693593314,
  "roc_auc": 0.999870888649219,
  "error_eps": 0.005571030640668551,
  "pad": 1.9777158774373258
}