{
  "run_id": "20260128_122326",
  "dataset_a": "DIOR",
  "dataset_b": "DOTA",
  "model": "MLP",
  "seed": 42,
  "test_size": 0.95,
  "val_fraction_on_train": 0.2,
  "epochs_max": 100,
  "best_val_auc": 0.9545679012345679,
  "balance_strategy": "downsample",
  "n_a": 8973,
  "n_b": 8973,
  "embedding_dim": 2048,
  "accuracy": 0.8864449527831544,
  "roc_auc": 0.9552363518015718,
  "error_eps": 0.11355504721684562,
  "pad": 1.5457798111326175
}