{
  "run_id": "20260128_122326",
  "dataset_a": "DIOR",
  "dataset_b": "DOTA",
  "model": "DomainDiscriminator",
  "seed": 42,
  "test_size": 0.95,
  "val_fraction_on_train": 0.2,
  "epochs_max": 100,
  "best_val_auc": 0.9575308641975309,
  "balance_strategy": "downsample",
  "n_a": 8973,
  "n_b": 8973,
  "embedding_dim": 2048,
  "accuracy": 0.8887324769781219,
  "roc_auc": 0.9562246326054019,
  "error_eps": 0.11126752302187815,
  "pad": 1.5549299079124874
}