{
  "run_id": "20260128_123716",
  "dataset_a": "CADOT",
  "dataset_b": "DIOR",
  "model": "MLP",
  "seed": 42,
  "test_size": 0.99,
  "val_fraction_on_train": 0.2,
  "epochs_max": 100,
  "best_val_auc": 1.0,
  "balance_strategy": "downsample",
  "n_a": 3234,
  "n_b": 3234,
  "embedding_dim": 2048,
  "accuracy": 0.9186445971267958,
  "roc_auc": 0.9755605881083849,
  "error_eps": 0.0813554028732042,
  "pad": 1.6745783885071832
}