{
  "run_id": "20260128_123716",
  "dataset_a": "ARTAXOR",
  "dataset_b": "COCO",
  "model": "LogReg",
  "seed": 42,
  "train_fraction": 0.01,
  "test_fraction": 0.99,
  "val_fraction_on_train": 0.2,
  "balance_strategy": "downsample",
  "n_a_raw": 12300,
  "n_b_raw": 117266,
  "n_a": 12300,
  "n_b": 12300,
  "embedding_dim": 2048,
  "train_counts": {
    "0": 123,
    "1": 123
  },
  "test_counts": {
    "0": 12177,
    "1": 12177
  },
  "accuracy": 0.9804549560647121,
  "roc_auc": 0.9985359051631532,
  "error_eps": 0.019545043935287887,
  "pad": 1.9218198242588485
}