{
  "run_id": "20260127_120130",
  "dataset_a": "CADOT",
  "dataset_b": "FASHIONPEDIA",
  "model": "DomainDiscriminator",
  "seed": 42,
  "test_size": 0.2,
  "val_size": 0.2,
  "epochs_max": 100,
  "best_val_auc": 1.0,
  "balance_strategy": "downsample",
  "n_a": 3234,
  "n_b": 3234,
  "embedding_dim": 2048,
  "accuracy": 0.999227202472952,
  "roc_auc": 1.0,
  "error_eps": 0.0007727975270479526,
  "pad": 1.9969088098918082
}