{
  "run_id": "20260128_123716",
  "dataset_a": "DIOR",
  "dataset_b": "XVIEW",
  "model": "LogReg",
  "seed": 42,
  "train_fraction": 0.01,
  "test_fraction": 0.99,
  "val_fraction_on_train": 0.2,
  "balance_strategy": "downsample",
  "n_a_raw": 8973,
  "n_b_raw": 20881,
  "n_a": 8973,
  "n_b": 8973,
  "embedding_dim": 2048,
  "train_counts": {
    "0": 89,
    "1": 90
  },
  "test_counts": {
    "0": 8884,
    "1": 8883
  },
  "accuracy": 0.9512016660100185,
  "roc_auc": 0.9905351565448128,
  "error_eps": 0.04879833398998146,
  "pad": 1.8048066640400742
}