{
  "run_id": "20260128_122326",
  "dataset_a": "DIOR",
  "dataset_b": "UODD",
  "model": "MLP",
  "seed": 42,
  "test_size": 0.95,
  "val_fraction_on_train": 0.2,
  "epochs_max": 100,
  "best_val_auc": 1.0,
  "balance_strategy": "downsample",
  "n_a": 2560,
  "n_b": 2560,
  "embedding_dim": 2048,
  "accuracy": 0.9806743421052632,
  "roc_auc": 0.996960077259349,
  "error_eps": 0.019325657894736836,
  "pad": 1.9226973684210527
}