{
  "run_id": "20260128_122326",
  "dataset_a": "DIOR",
  "dataset_b": "UODD",
  "model": "DomainDiscriminator",
  "seed": 42,
  "test_size": 0.95,
  "val_fraction_on_train": 0.2,
  "epochs_max": 100,
  "best_val_auc": 1.0,
  "balance_strategy": "downsample",
  "n_a": 2560,
  "n_b": 2560,
  "embedding_dim": 2048,
  "accuracy": 0.9829358552631579,
  "roc_auc": 0.9971291497143353,
  "error_eps": 0.017064144736842146,
  "pad": 1.9317434210526314
}