{
  "run_id": "20260127_120130",
  "dataset_a": "FASHIONPEDIA",
  "dataset_b": "OKTOBERFEST",
  "model": "DomainDiscriminator",
  "seed": 42,
  "test_size": 0.2,
  "val_size": 0.2,
  "epochs_max": 100,
  "best_val_auc": 1.0,
  "balance_strategy": "downsample",
  "n_a": 835,
  "n_b": 835,
  "embedding_dim": 2048,
  "accuracy": 0.9970059880239521,
  "roc_auc": 1.0,
  "error_eps": 0.0029940119760478723,
  "pad": 1.9880239520958085
}