{
  "run_id": "20260128_122326",
  "dataset_a": "DOTA",
  "dataset_b": "UODD",
  "model": "DomainDiscriminator",
  "seed": 42,
  "test_size": 0.95,
  "val_fraction_on_train": 0.2,
  "epochs_max": 100,
  "best_val_auc": 1.0,
  "balance_strategy": "downsample",
  "n_a": 2560,
  "n_b": 2560,
  "embedding_dim": 2048,
  "accuracy": 0.9925986842105263,
  "roc_auc": 0.9976999383223684,
  "error_eps": 0.0074013157894736725,
  "pad": 1.9703947368421053
}