{
  "run_id": "20260128_122326",
  "dataset_a": "DOTA",
  "dataset_b": "UODD",
  "model": "LogReg",
  "seed": 42,
  "train_fraction": 0.05,
  "test_fraction": 0.95,
  "val_fraction_on_train": 0.2,
  "balance_strategy": "downsample",
  "n_a_raw": 54087,
  "n_b_raw": 2560,
  "n_a": 2560,
  "n_b": 2560,
  "embedding_dim": 2048,
  "train_counts": {
    "0": 128,
    "1": 128
  },
  "test_counts": {
    "0": 2432,
    "1": 2432
  },
  "accuracy": 0.9956825657894737,
  "roc_auc": 0.9999000781791032,
  "error_eps": 0.0043174342105263275,
  "pad": 1.9827302631578947
}