{
  "run_id": "20260128_123716",
  "dataset_a": "CADOT",
  "dataset_b": "XVIEW",
  "model": "MLP",
  "seed": 42,
  "test_size": 0.99,
  "val_fraction_on_train": 0.2,
  "epochs_max": 100,
  "best_val_auc": 1.0,
  "balance_strategy": "downsample",
  "n_a": 3234,
  "n_b": 3234,
  "embedding_dim": 2048,
  "accuracy": 0.9019362898188632,
  "roc_auc": 0.9637756168946562,
  "error_eps": 0.0980637101811368,
  "pad": 1.6077451592754528
}