{
  "run_id": "20260127_120130",
  "dataset_a": "DIOR",
  "dataset_b": "UODD",
  "model": "MLP",
  "seed": 42,
  "test_size": 0.2,
  "val_size": 0.2,
  "epochs_max": 100,
  "best_val_auc": 0.9999226650803092,
  "balance_strategy": "downsample",
  "n_a": 2560,
  "n_b": 2560,
  "embedding_dim": 2048,
  "accuracy": 0.99609375,
  "roc_auc": 0.9998664855957031,
  "error_eps": 0.00390625,
  "pad": 1.984375
}