{
  "run_id": "20260128_122326",
  "dataset_a": "CADOT",
  "dataset_b": "XVIEW",
  "model": "MLP",
  "seed": 42,
  "test_size": 0.95,
  "val_fraction_on_train": 0.2,
  "epochs_max": 100,
  "best_val_auc": 1.0,
  "balance_strategy": "downsample",
  "n_a": 3234,
  "n_b": 3234,
  "embedding_dim": 2048,
  "accuracy": 0.9635475996745322,
  "roc_auc": 0.9948558068764237,
  "error_eps": 0.036452400325467815,
  "pad": 1.8541903986981287
}