{
  "run_id": "20260128_122326",
  "dataset_a": "CADOT",
  "dataset_b": "XVIEW",
  "model": "LogReg",
  "seed": 42,
  "train_fraction": 0.05,
  "test_fraction": 0.95,
  "val_fraction_on_train": 0.2,
  "balance_strategy": "downsample",
  "n_a_raw": 3234,
  "n_b_raw": 20881,
  "n_a": 3234,
  "n_b": 3234,
  "embedding_dim": 2048,
  "train_counts": {
    "0": 161,
    "1": 162
  },
  "test_counts": {
    "0": 3073,
    "1": 3072
  },
  "accuracy": 0.9925142392188772,
  "roc_auc": 0.9996924871528907,
  "error_eps": 0.007485760781122841,
  "pad": 1.9700569568755086
}