{
  "run_id": "20260127_120130",
  "dataset_a": "UODD",
  "dataset_b": "XVIEW",
  "model": "MLP",
  "seed": 42,
  "test_size": 0.2,
  "val_size": 0.2,
  "epochs_max": 100,
  "best_val_auc": 0.9999107674003569,
  "balance_strategy": "downsample",
  "n_a": 2560,
  "n_b": 2560,
  "embedding_dim": 2048,
  "accuracy": 0.9970703125,
  "roc_auc": 0.9998664855957031,
  "error_eps": 0.0029296875,
  "pad": 1.98828125
}