{
  "run_id": "20260128_123716",
  "dataset_a": "DOTA",
  "dataset_b": "OKTOBERFEST",
  "model": "DomainDiscriminator",
  "seed": 42,
  "test_size": 0.99,
  "val_fraction_on_train": 0.2,
  "epochs_max": 100,
  "best_val_auc": 1.0,
  "balance_strategy": "downsample",
  "n_a": 835,
  "n_b": 835,
  "embedding_dim": 2048,
  "accuracy": 0.8911729141475212,
  "roc_auc": 0.9610602854974712,
  "error_eps": 0.1088270858524788,
  "pad": 1.5646916565900848
}