{
  "run_id": "20260128_123716",
  "dataset_a": "COCO",
  "dataset_b": "DIOR",
  "model": "MLP",
  "seed": 42,
  "test_size": 0.99,
  "val_fraction_on_train": 0.2,
  "epochs_max": 100,
  "best_val_auc": 1.0,
  "balance_strategy": "downsample",
  "n_a": 8973,
  "n_b": 8973,
  "embedding_dim": 2048,
  "accuracy": 0.971238813530703,
  "roc_auc": 0.9975969749420946,
  "error_eps": 0.02876118646929704,
  "pad": 1.8849552541228118
}