{
  "run_id": "20260128_123716",
  "dataset_a": "DOTA",
  "dataset_b": "XVIEW",
  "model": "DomainDiscriminator",
  "seed": 42,
  "test_size": 0.99,
  "val_fraction_on_train": 0.2,
  "epochs_max": 100,
  "best_val_auc": 0.9846938775510204,
  "balance_strategy": "downsample",
  "n_a": 20881,
  "n_b": 20881,
  "embedding_dim": 2048,
  "accuracy": 0.9514572499697665,
  "roc_auc": 0.9897377574625464,
  "error_eps": 0.04854275003023345,
  "pad": 1.8058289998790662
}